id,name,title,department
1,JdB,PzY,hkb
2,DdN,5lg,a7U
3,L0o,ZK4,fMb
4,0OP,7yj,dOX
5,4w9,4bu,zqe
6,H2b,0aQ,phx
7,VaV,aGx,gtu
8,eYE,DPn,DUL
9,d2E,3Gq,qv7
10,Zq1,Rxq,fty
11,Vuu,Rxb,BCq
12,74r,hlR,V7e
13,tXw,iez,Dxo
14,X9w,osz,DqG
15,KXn,6kH,dmp
16,wgY,hGU,Sw6
17,oY6,wjI,tlb
18,BbG,utK,nbq
19,MF0,bbd,hh1
20,tPX,E38,7eg
21,x3h,l73,3fT
22,p06,Qk2,6Ja
23,vHp,8Yq,ga8
24,WWW,3rk,0i1
25,GUM,AML,KbD
26,pVc,U4k,dbk
27,QTq,TRx,QiP
28,sub,GWL,vbR
29,eyA,wsr,9gE
30,o3U,QGj,cFA
31,RAv,Y97,bPQ
32,PPL,2Es,s86
33,mns,1BR,XcN
34,ed8,XnP,sU1
35,EQc,Ucl,QKM
36,3M0,BLQ,rIu
37,bai,JzP,eIC
38,C7C,YVK,pcJ
39,XHS,DiY,X2N
40,IM9,XtC,ra7
41,f9r,cDY,cNL
42,WQF,rmM,zgZ
43,ZwE,pAW,JPE
44,XO6,UlV,gPH
45,iAi,SAU,7Uc
46,SO1,Aob,8wV
47,HjN,4aa,wgm
48,x3c,z8n,UaA
49,TSt,fhK,43p
50,hMf,K7P,b2I
51,r4x,JWB,Vq4
52,L5v,7n9,TfA
53,TRz,t6n,icI
54,9Km,nXq,Rg5
55,IpY,1m6,WXp
56,GXS,okM,NzP
57,HZK,7oS,2rU
58,G9Y,CWx,zhQ
59,nL8,Y6X,krP
60,3ry,6xW,22j
61,aMA,880,WvG
62,Y1q,EuV,IZS
63,AZA,Ldg,Rhx
64,qS4,xW7,UGQ
65,0ab,F1g,gJ4
66,voU,uK3,Rno
67,8qj,gBH,zrr
68,pe0,rQc,FRt
69,49Y,NsC,OA1
70,d3W,Hoy,dZE
71,RI3,T3Q,sJP
72,cj5,jFa,DS4
73,SxE,6YR,hYZ
74,sK1,Dfj,77J
75,Wb9,QrR,axP
76,2F9,6ww,9KW
77,K5g,ygW,qri
78,kor,yUD,QLK
79,tRj,Huw,Uxs
80,vD3,IeM,VVU
81,XtI,lJb,88B
82,Oq6,Zc1,NPm
83,8wH,Jtw,xbo
84,sBa,Com,DZv
85,9FZ,crV,k3e
86,nQv,WkW,okk
87,xh9,ssv,clQ
88,o4L,xOh,4Qa
89,xwW,Sa4,wFO
90,JR1,5yD,kbW
91,P6S,nSJ,kRw
92,SUS,RPm,Oea
93,FQ7,A6Q,cNW
94,pCd,v3Z,osc
95,2oJ,46t,JqO
96,Au9,bGZ,GaH
97,x7B,ReZ,UM8
98,SnF,r20,BcC
99,xAe,AeS,p4M
