id,name,title,department,count,latest,earliest
19,MF0,bbd,hh1,5,1970-02-20T11:24:53,1970-01-08T20:35:26
77,K5g,ygW,qri,5,1970-02-16T21:20:11,1970-01-05T19:26:35
92,SUS,RPm,Oea,5,1970-02-25T08:02:36,1970-01-08T04:30:44
93,FQ7,A6Q,cNW,5,1970-02-14T22:30:40,1970-01-11T17:27:37
29,eyA,wsr,9gE,6,1970-02-15T05:28:45,1970-01-04T06:59:25
37,bai,JzP,eIC,6,1970-01-31T17:00:53,1970-01-13T12:40:15
66,voU,uK3,Rno,6,1970-02-26T13:29:59,1970-01-16T05:45:09
5,4w9,4bu,zqe,7,1970-02-14T03:30:36,1970-01-06T11:34:46
25,GUM,AML,KbD,7,1970-02-26T14:13:10,1970-01-02T06:51:07
33,mns,1BR,XcN,7,1970-02-24T14:39:26,1970-01-10T11:25:15
47,HjN,4aa,wgm,7,1970-02-26T08:46:45,1970-01-19T22:39:39
75,Wb9,QrR,axP,7,1970-02-25T13:29:39,1970-01-06T09:38:32
88,o4L,xOh,4Qa,7,1970-02-15T12:33:08,1970-01-05T03:49:46
90,JR1,5yD,kbW,7,1970-02-23T19:28:07,1970-01-16T16:28:37
1,JdB,PzY,hkb,8,1970-02-25T01:17:53,1970-01-04T23:49:56
15,KXn,6kH,dmp,8,1970-02-16T03:13:13,1970-01-03T05:12:21
21,x3h,l73,3fT,8,1970-02-26T20:16:05,1970-01-06T05:10:55
28,sub,GWL,vbR,8,1970-01-28T08:43:20,1970-01-04T18:02:54
30,o3U,QGj,cFA,8,1970-02-17T13:02:25,1970-01-13T19:01:31
31,RAv,Y97,bPQ,8,1970-02-25T12:40:56,1970-01-22T12:32:30
35,EQc,Ucl,QKM,8,1970-02-16T04:58:05,1970-01-01T21:51:54
36,3M0,BLQ,rIu,8,1970-02-14T01:27:48,1970-01-07T00:17:36
46,SO1,Aob,8wV,8,1970-02-26T08:36:56,1970-01-01T15:57:08
53,TRz,t6n,icI,8,1970-02-22T11:54:50,1970-01-07T04:45:00
62,Y1q,EuV,IZS,8,1970-02-20T07:39:35,1970-01-03T11:44:07
74,sK1,Dfj,77J,8,1970-02-26T22:47:59,1970-01-12T22:53:47
78,kor,yUD,QLK,8,1970-02-21T14:44:39,1970-01-13T13:31:37
80,vD3,IeM,VVU,8,1970-02-18T19:50:55,1970-01-04T01:27:02
83,8wH,Jtw,xbo,8,1970-02-21T21:25:10,1970-01-05T01:33:07
85,9FZ,crV,k3e,8,1970-02-12T03:01:50,1970-01-01T10:45:32
4,0OP,7yj,dOX,9,1970-02-23T07:25:20,1970-01-05T05:52:04
13,tXw,iez,Dxo,9,1970-02-17T17:05:30,1970-01-02T03:03:42
14,X9w,osz,DqG,9,1970-02-26T02:05:38,1970-01-06T02:00:22
16,wgY,hGU,Sw6,9,1970-02-26T11:47:14,1970-01-09T08:09:24
18,BbG,utK,nbq,9,1970-02-23T20:27:14,1970-01-05T08:47:45
22,p06,Qk2,6Ja,9,1970-02-24T21:07:17,1970-01-13T01:30:36
27,QTq,TRx,QiP,9,1970-02-22T02:56:57,1970-01-05T08:02:37
43,ZwE,pAW,JPE,9,1970-02-21T06:33:06,1970-01-01T23:11:11
56,GXS,okM,NzP,9,1970-02-25T18:59:29,1970-01-11T00:36:33
63,AZA,Ldg,Rhx,9,1970-02-27T01:44:01,1970-01-03T23:55:57
64,qS4,xW7,UGQ,9,1970-02-26T02:25:07,1970-01-11T16:13:42
84,sBa,Com,DZv,9,1970-02-10T08:01:47,1970-01-02T18:04:52
87,xh9,ssv,clQ,9,1970-02-25T14:24:46,1970-01-05T08:48:59
97,x7B,ReZ,UM8,9,1970-02-22T00:56:18,1970-01-04T20:09:24
6,H2b,0aQ,phx,10,1970-02-18T14:12:43,1970-01-03T02:21:43
11,Vuu,Rxb,BCq,10,1970-02-20T23:00:41,1970-01-05T21:36:15
17,oY6,wjI,tlb,10,1970-02-23T04:06:36,1970-01-03T05:57:51
20,tPX,E38,7eg,10,1970-02-25T06:04:16,1970-01-09T02:43:00
26,pVc,U4k,dbk,10,1970-02-26T10:06:36,1970-01-09T04:10:45
44,XO6,UlV,gPH,10,1970-02-27T05:14:22,1970-01-01T10:42:41
48,x3c,z8n,UaA,10,1970-02-25T14:17:47,1970-01-02T21:43:01
49,TSt,fhK,43p,10,1970-02-24T13:19:32,1970-01-03T19:20:46
54,9Km,nXq,Rg5,10,1970-02-23T13:33:42,1970-01-10T07:09:20
55,IpY,1m6,WXp,10,1970-02-15T08:54:45,1970-01-07T10:00:13
58,G9Y,CWx,zhQ,10,1970-02-26T20:43:57,1970-01-07T01:06:47
67,8qj,gBH,zrr,10,1970-02-22T22:52:56,1970-01-02T20:48:07
68,pe0,rQc,FRt,10,1970-02-23T15:37:21,1970-01-04T04:02:41
69,49Y,NsC,OA1,10,1970-02-22T03:50:05,1970-01-03T14:21:45
79,tRj,Huw,Uxs,10,1970-02-23T04:01:45,1970-01-02T15:25:00
89,xwW,Sa4,wFO,10,1970-02-22T12:48:06,1970-01-01T19:08:15
91,P6S,nSJ,kRw,10,1970-02-17T05:09:37,1970-01-13T03:13:19
94,pCd,v3Z,osc,10,1970-02-25T16:20:25,1970-01-08T15:38:27
95,2oJ,46t,JqO,10,1970-02-23T22:39:11,1970-01-03T17:21:26
2,DdN,5lg,a7U,11,1970-02-20T20:18:20,1970-01-02T11:55:59
34,ed8,XnP,sU1,11,1970-02-20T01:58:46,1970-01-08T13:42:15
38,C7C,YVK,pcJ,11,1970-02-25T10:46:52,1970-01-09T23:24:14
39,XHS,DiY,X2N,11,1970-02-27T03:10:34,1970-01-03T08:30:46
45,iAi,SAU,7Uc,11,1970-02-26T03:11:38,1970-01-19T04:58:44
51,r4x,JWB,Vq4,11,1970-02-20T11:20:14,1970-01-03T17:09:59
60,3ry,6xW,22j,11,1970-02-23T03:06:44,1970-01-01T12:15:13
72,cj5,jFa,DS4,11,1970-02-11T16:29:06,1970-01-01T18:15:33
86,nQv,WkW,okk,11,1970-02-19T10:24:02,1970-01-08T03:49:52
12,74r,hlR,V7e,12,1970-02-26T16:51:37,1970-01-04T22:30:14
42,WQF,rmM,zgZ,12,1970-02-18T02:44:20,1970-01-04T13:51:22
61,aMA,880,WvG,12,1970-02-26T17:42:12,1970-01-02T11:12:41
65,0ab,F1g,gJ4,12,1970-02-20T20:17:33,1970-01-07T10:31:42
3,L0o,ZK4,fMb,13,1970-02-24T16:36:09,1970-01-04T04:53:09
8,eYE,DPn,DUL,13,1970-02-22T20:44:36,1970-01-01T13:20:56
23,vHp,8Yq,ga8,13,1970-02-20T17:14:00,1970-01-04T15:31:21
24,WWW,3rk,0i1,13,1970-02-25T22:22:50,1970-01-07T02:47:30
32,PPL,2Es,s86,13,1970-02-14T02:43:54,1970-01-11T08:35:35
40,IM9,XtC,ra7,13,1970-02-21T05:49:58,1970-01-02T06:09:00
41,f9r,cDY,cNL,13,1970-02-21T22:40:36,1970-01-02T00:47:25
50,hMf,K7P,b2I,13,1970-02-21T12:13:15,1970-01-02T11:33:23
57,HZK,7oS,2rU,13,1970-02-19T03:01:39,1970-01-02T16:11:50
73,SxE,6YR,hYZ,13,1970-02-26T01:21:01,1970-01-08T09:46:09
76,2F9,6ww,9KW,13,1970-02-21T14:19:33,1970-01-04T11:19:55
81,XtI,lJb,88B,13,1970-02-17T01:43:15,1970-01-01T19:56:10
98,SnF,r20,BcC,13,1970-02-26T06:09:53,1970-01-08T05:53:19
7,VaV,aGx,gtu,14,1970-02-26T04:56:05,1970-01-05T00:50:23
70,d3W,Hoy,dZE,14,1970-02-25T20:24:19,1970-01-05T15:46:15
99,xAe,AeS,p4M,14,1970-02-24T23:38:14,1970-01-03T10:01:36
10,Zq1,Rxq,fty,15,1970-02-26T23:42:05,1970-01-02T05:04:40
71,RI3,T3Q,sJP,15,1970-02-27T03:53:16,1970-01-08T11:05:12
96,Au9,bGZ,GaH,15,1970-02-22T15:15:31,1970-01-10T01:19:23
59,nL8,Y6X,krP,16,1970-02-24T10:39:23,1970-01-02T23:58:52
82,Oq6,Zc1,NPm,16,1970-02-18T02:44:25,1970-01-01T09:49:37
9,d2E,3Gq,qv7,17,1970-02-26T03:53:56,1970-01-04T08:01:36
52,L5v,7n9,TfA,17,1970-02-22T09:49:47,1970-01-02T12:45:19
